{"org_tweet":[{"handle":"ikezawa_","tweet": "An epic arm wrestling match took place with Spidey this week! Thank you Heroes United for Kids for swinging and flying to the house! #FBF", "twitter_engagement":0.5500837469,"personality_scores":[0.5316909264, 0.4731666997, 0.5461146455, 0.5201829453],"political_scores":[0.1445544064, 0.3915989399, 0.4128455818, 0.0510010496],"keywords":["Kids","Spidey","house","arm wrestling","flying","wrestling","Heroes","FBF","swinging","epic","arm","Spidey"],"aggregate_political_scores":[0.3483707049337079, 0.34602478130561803, 0.15686257091011238, 0.14874195224494383],"aggregate_personality_scores":[0.39574454520898866, 0.5426666225651686, 0.4906420248157304, 0.513712690505618],"aggregate_emotion_scores":[0.11248136759555556, 0.36717703739777774, 0.2696907174177778, 0.16612727973333333, 0.08452363388]}]}